{
  "key": "P10_42_sig_body",
  "config": {
    "w_signal_count": 0.1,
    "w_body_strength": 0.1
  },
  "n_trades": 1420,
  "metrics": {
    "annualised_return_pct": 0.858503493816487,
    "sharpe": 0.055912419324803925,
    "sortino": 0.08399382785337865,
    "calmar": 0.011543451164502111,
    "max_drawdown_mtm_pct": 74.37147535708536,
    "alpha_annual_pct": -5.549729016289436,
    "outperformance_ann_pct": -10.624317829414021,
    "total_return_pct": 16.079336021451105
  }
}