key,n_trades,cagr,sharpe,calmar,max_dd_mtm,alpha_ann,elapsed_sec
00_baseline_L2,6165,20.654657356890006,0.8327822094915271,0.5541335069862051,37.27379250034089,11.361123215193551,6.3
C_baseline_book1,6973,14.904164144706034,0.656123001192594,0.28960196959461987,51.46430518262234,6.66050353437986,1.6
C_cap1_book1,3025,16.01747983458157,0.72517813081573,0.332057802318263,48.237022960326385,7.200098304030185,1.2
